"","hgvs_c"
"1","c.1343G>A"
"2","c.2831G>A"
"3","c.2863T>C"
"4","c.889C>T"
"5","c.1290C>G"
"6","c.545G>A"
"7","c.473G>C"
"8","c.401A>C"
"9","c.1381C>A"
"10","c.53T>A"
"11","c.935T>G"
"12","c.1066G>A"
"13","c.1013G>C"
"14","c.6287G>A"
"15","c.977A>G"
"16","c.1867A>G"
"17","c.1154C>T"
"18","c.67G>C"
"19","c.2009G>A"
"20","c.737T>C"
"21","c.149A>T"
"22","c.2495G>A"
"23","c.99C>G"
"24","c.916C>G"
"25","c.614A>G"
"26","c.3764G>A"
"27","c.674G>T"
"28","c.1061T>C"
"29","c.268G>A"
"30","c.1487T>C"
"31","c.6007C>T"
"32","c.2090G>A"
"33","c.2018G>C"
"34","c.1295G>A"
"35","c.199T>C"
"36","c.130A>G"
"37","c.1363A>C"
"38","c.188T>G"
"39","c.819C>A"
"40","c.8928A>C"
"41","c.121C>T"
"42","c.262A>T"
"43","c.3824C>T"
"44","c.754G>A"
"45","c.4702T>C"
"46","c.3487T>G"
"47","c.795G>C"
"48","c.132C>A"
"49","c.448T>C"
"50","c.865G>A"
"51","c.3467C>T"
"52","c.1168C>G"
"53","c.830C>G"
"54","c.7939C>A"
"55","c.7860G>C"
"56","c.4897C>G"
"57","c.1206C>A"
"58","c.1253A>G"
"59","c.3257C>T"
"60","c.1775T>C"
"61","c.1325C>G"
"62","c.57T>C"
"63","c.11C>A"
"64","c.1987T>C"
"65","c.2012G>A"
"66","c.3185C>A"
"67","c.494G>A"
"68","c.10232A>C"
"69","c.1067C>T"
"70","c.700C>T"
"71","c.17C>T"
"72","c.1505A>G"
"73","c.4799T>A"
"74","c.6143A>G"
"75","c.8020A>G"
"76","c.16417C>T"
"77","c.17756A>G"
"78","c.18676C>G"
"79","c.964A>C"
"80","c.5951G>A"
"81","c.2565G>T"
"82","c.8G>C"
"83","c.661G>T"
"84","c.533G>T"
"85","c.1484C>T"
"86","c.2173A>C"
"87","c.5059G>A"
"88","c.310C>T"
"89","c.5768A>G"
"90","c.706C>G"
"91","c.114G>A"
"92","c.1033C>T"
"93","c.92A>G"
"94","c.58C>T"
"95","c.8266T>C"
"96","c.109G>C"
"97","c.1525A>C"
"98","c.406C>G"
"99","c.974G>A"
"100","c.2110G>T"
"101","c.829A>C"
"102","c.665A>G"
"103","c.3377C>A"
"104","c.1565A>C"
"105","c.330C>G"
"106","c.75G>C"
"107","c.38C>T"
"108","c.272C>A"
"109","c.112C>G"
"110","c.24433G>C"
"111","c.3081A>T"
"112","c.535A>T"
"113","c.355C>G"
"114","c.1025C>G"
"115","c.3509A>G"
"116","c.2319T>A"
"117","c.5360T>C"
"118","c.1583C>T"
"119","c.630A>C"
"120","c.290C>T"
"121","c.494T>C"
"122","c.1073C>T"
"123","c.2867T>A"
"124","c.1148T>C"
"125","c.797T>C"
"126","c.4095G>C"
"127","c.2255C>T"
"128","c.3979G>A"
"129","c.310G>C"
"130","c.2541T>G"
"131","c.334T>C"
"132","c.263A>G"
"133","c.283A>G"
"134","c.811T>C"
"135","c.3320T>C"
"136","c.4684G>A"
"137","c.884C>G"
"138","c.2732A>G"
"139","c.400G>C"
"140","c.905G>A"
"141","c.5359G>A"
"142","c.1134G>T"
"143","c.236T>G"
"144","c.1867C>T"
"145","c.1037A>G"
"146","c.263C>A"
"147","c.2126A>G"
"148","c.962G>C"
"149","c.41C>G"
"150","c.1507T>A"
"151","c.3167C>T"
"152","c.1119A>T"
"153","c.4645G>A"
"154","c.615A>T"
"155","c.499A>T"
"156","c.379C>A"
"157","c.2407G>A"
"158","c.3760C>T"
"159","c.936C>T"
"160","c.7995T>C"
"161","c.2938G>C"
"162","c.64C>A"
"163","c.718C>G"
"164","c.4625G>A"
"165","c.25G>C"
"166","c.1096G>A"
"167","c.901C>G"
"168","c.958T>G"
"169","c.1255G>A"
"170","c.179T>C"
"171","c.805A>G"
"172","c.856T>A"
"173","c.2030T>C"
"174","c.269G>A"
"175","c.674G>A"
"176","c.1214G>C"
"177","c.725G>A"
"178","c.14461G>T"
"179","c.2857G>C"
"180","c.2834C>G"
"181","c.772T>C"
"182","c.199C>T"
"183","c.1307G>A"
"184","c.2350C>T"
"185","c.922T>G"
"186","c.2065C>A"
"187","c.805C>A"
"188","c.1964G>C"
"189","c.281C>T"
"190","c.2014G>A"
"191","c.1042A>T"
"192","c.974A>C"
"193","c.1568A>C"
"194","c.1340T>G"
"195","c.1372C>G"
"196","c.395C>T"
"197","c.1364C>A"
"198","c.370T>A"
"199","c.787A>C"
"200","c.1396T>A"
"201","c.10696G>A"
"202","c.104T>A"
"203","c.6256T>G"
"204","c.146C>A"
"205","c.2878A>G"
"206","c.982A>G"
"207","c.253T>C"
"208","c.578A>G"
"209","c.323C>A"
"210","c.2102C>T"
"211","c.523A>G"
"212","c.1385C>G"
"213","c.2019C>T"
"214","c.496C>T"
"215","c.965T>A"
"216","c.921G>C"
"217","c.2105A>C"
"218","c.1496A>G"
"219","c.1558G>A"
"220","c.1134A>T"
"221","c.3227G>A"
"222","c.1969G>A"
"223","c.565C>G"
"224","c.2395T>C"
"225","c.925T>G"
"226","c.2T>G"
"227","c.268C>G"
"228","c.310T>C"
"229","c.3160A>G"
"230","c.3173G>A"
"231","c.2279C>A"
"232","c.116C>G"
"233","c.970C>T"
"234","c.1016A>G"
"235","c.4484C>T"
"236","c.5381C>T"
"237","c.2008G>A"
"238","c.1713A>C"
"239","c.1778A>C"
"240","c.718T>C"
"241","c.7306A>C"
"242","c.1295G>T"
"243","c.2092C>A"
"244","c.463C>G"
"245","c.5138T>A"
"246","c.5161A>G"
"247","c.5750A>G"
"248","c.5758A>G"
"249","c.6784G>C"
"250","c.510G>A"
"251","c.9280G>A"
"252","c.17626G>A"
"253","c.2069G>C"
"254","c.1993C>G"
"255","c.1139A>G"
"256","c.161T>C"
"257","c.3563A>G"
"258","c.680G>A"
"259","c.19C>T"
"260","c.1273T>G"
"261","c.2290A>C"
"262","c.2291A>C"
"263","c.1754T>G"
"264","c.62T>G"
"265","c.1908C>G"
"266","c.1165G>C"
"267","c.730G>C"
"268","c.1411C>G"
"269","c.2107T>C"
"270","c.1481G>A"
"271","c.2228C>T"
"272","c.652G>C"
"273","c.980A>G"
"274","c.1892G>T"
"275","c.945C>A"
"276","c.1112T>C"
"277","c.904C>T"
"278","c.1636T>C"
"279","c.1657G>A"
"280","c.460A>G"
"281","c.2995C>T"
"282","c.933T>G"
"283","c.178A>C"
"284","c.182A>C"
"285","c.139C>T"
"286","c.4565T>C"
"287","c.816C>G"
"288","c.742A>G"
"289","c.332C>T"
"290","c.141C>G"
"291","c.1309C>T"
"292","c.344C>T"
"293","c.70G>A"
"294","c.236C>T"
"295","c.1435T>C"
"296","c.2128G>T"
"297","c.2159A>G"
"298","c.1040C>G"
"299","c.4484G>C"
"300","c.1229T>C"
"301","c.631A>G"
"302","c.670C>T"
"303","c.3527A>G"
"304","c.1567T>C"
"305","c.1744C>G"
"306","c.332A>C"
"307","c.12560T>C"
"308","c.775T>G"
"309","c.1015A>G"
"310","c.1816A>T"
"311","c.1900A>G"
"312","c.493G>T"
"313","c.409T>C"
"314","c.335G>C"
"315","c.16215G>A"
"316","c.4256T>C"
"317","c.275T>C"
"318","c.77A>C"
"319","c.3344T>G"
"320","c.985T>C"
"321","c.1796T>C"
"322","c.1211T>G"
"323","c.1188A>G"
"324","c.2357G>A"
"325","c.181T>A"
"326","c.1738C>T"
"327","c.4613T>C"
"328","c.646A>C"
"329","c.1895T>C"
"330","c.1988G>A"
"331","c.1868A>G"
"332","c.1438G>C"
"333","c.1168A>G"
"334","c.1760G>A"
"335","c.1786A>G"
"336","c.1996T>G"
"337","c.1650G>A"
"338","c.1101G>C"
"339","c.1747A>G"
"340","c.208A>C"
"341","c.886G>A"
"342","c.547A>G"
"343","c.832T>C"
"344","c.2689C>T"
"345","c.1771A>G"
"346","c.759A>G"
"347","c.95C>G"
"348","c.190C>G"
"349","c.2891C>T"
"350","c.1607C>T"
"351","c.383G>A"
"352","c.8947C>T"
"353","c.6103G>C"
"354","c.6217A>G"
"355","c.1061C>G"
"356","c.1225T>G"
"357","c.1549C>A"
"358","c.1279G>A"
"359","c.6662C>G"
"360","c.102C>G"
"361","c.2989C>G"
"362","c.1888A>C"
"363","c.2455C>G"
"364","c.1633C>G"
"365","c.1428T>A"
"366","c.1351G>A"
"367","c.4298G>A"
"368","c.2477C>T"
"369","c.3145C>G"
"370","c.1078G>A"
"371","c.2061C>G"
"372","c.1454G>A"
"373","c.1980T>G"
"374","c.212T>C"
"375","c.1064T>C"
"376","c.1427T>G"
"377","c.2606A>G"
"378","c.3503T>C"
"379","c.7655C>T"
"380","c.157T>G"
"381","c.3664G>A"
"382","c.131C>G"
"383","c.6853G>A"
"384","c.76G>C"
"385","c.449A>G"
"386","c.413C>A"
"387","c.4356C>A"
"388","c.404A>T"
"389","c.418G>A"
"390","c.133T>C"
"391","c.127C>T"
"392","c.1239T>G"
"393","c.5893G>T"
"394","c.12658G>A"
"395","c.400C>T"
"396","c.1638T>C"
"397","c.1636C>T"
"398","c.299A>C"
"399","c.453A>C"
"400","c.401C>T"
"401","c.717C>G"
"402","c.486G>C"
"403","c.603G>C"
"404","c.781A>G"
"405","c.1281C>A"
"406","c.3821T>C"
"407","c.4274A>C"
"408","c.863C>T"
"409","c.1477G>A"
"410","c.1046T>C"
"411","c.1320G>C"
"412","c.576A>G"
"413","c.1270T>C"
"414","c.133G>C"
"415","c.1172C>A"
"416","c.394G>T"
"417","c.329C>A"
"418","c.2482G>A"
"419","c.478T>A"
"420","c.271A>T"
"421","c.4760A>G"
"422","c.995G>C"
"423","c.2903T>C"
"424","c.2348T>C"
"425","c.1616A>G"
"426","c.902C>T"
"427","c.2905A>G"
"428","c.3437A>G"
"429","c.607A>G"
"430","c.149G>C"
"431","c.408T>C"
"432","c.3827C>T"
"433","c.3576T>G"
"434","c.2395A>G"
"435","c.1417A>G"
"436","c.1841G>A"
"437","c.3553G>T"
"438","c.805C>T"
"439","c.428T>G"
"440","c.476A>C"
"441","c.266C>G"
"442","c.88C>G"
"443","c.1634G>A"
"444","c.2483T>C"
"445","c.1495T>G"
"446","c.2086G>C"
"447","c.2087T>C"
"448","c.667G>A"
"449","c.208G>T"
"450","c.3300T>G"
"451","c.2197G>A"
"452","c.831C>G"
"453","c.806T>G"
"454","c.604G>T"
"455","c.1658G>C"
"456","c.624C>G"
"457","c.3805G>A"
"458","c.1408C>A"
"459","c.2072G>A"
"460","c.2120G>A"
"461","c.1484G>C"
"462","c.2905C>T"
"463","c.1091A>G"
"464","c.193C>G"
"465","c.4C>A"
"466","c.2728G>C"
"467","c.430T>G"
"468","c.1382A>G"
"469","c.55C>G"
"470","c.118T>A"
"471","c.3842G>A"
"472","c.2369G>A"
"473","c.1972G>A"
"474","c.3505G>T"
"475","c.764G>C"
"476","c.257T>C"
"477","c.743C>G"
"478","c.3571A>G"
"479","c.1615C>G"
"480","c.5377G>A"
"481","c.1499G>A"
"482","c.1969T>C"
"483","c.209T>G"
"484","c.4691C>G"
"485","c.10507A>G"
"486","c.231C>T"
"487","c.821A>C"
"488","c.316T>C"
"489","c.724C>T"
"490","c.13279G>A"
"491","c.400A>G"
"492","c.26A>G"
"493","c.495C>A"
"494","c.1123A>T"
"495","c.505A>G"
"496","c.75C>A"
"497","c.5238C>T"
"498","c.137C>G"
"499","c.172C>T"
"500","c.2616G>C"
"501","c.594C>A"
"502","c.707G>A"
"503","c.140T>G"
"504","c.611T>C"
"505","c.3440T>C"
"506","c.1967C>G"
"507","c.509G>T"
"508","c.539G>C"
"509","c.61T>C"
"510","c.1019T>C"
"511","c.400T>C"
"512","c.331C>T"
"513","c.2636C>A"
"514","c.362G>A"
"515","c.1032T>A"
"516","c.4996A>T"
"517","c.30T>G"
"518","c.1588A>G"
"519","c.756T>G"
"520","c.221G>A"
"521","c.488G>C"
"522","c.6918G>T"
"523","c.2365A>G"
"524","c.454G>T"
"525","c.427T>G"
"526","c.2654A>G"
"527","c.398G>A"
"528","c.2726T>C"
"529","c.4571G>A"
"530","c.5308G>A"
"531","c.5353C>A"
"532","c.6245G>A"
"533","c.6896A>C"
"534","c.8903G>T"
"535","c.8987C>T"
"536","c.10234G>T"
"537","c.10295C>T"
"538","c.10391C>T"
"539","c.10414C>G"
"540","c.994G>A"
"541","c.10C>T"
"542","c.837C>G"
"543","c.349C>G"
"544","c.1006G>A"
"545","c.1770C>T"
"546","c.12A>C"
"547","c.1014T>C"
"548","c.8699A>C"
"549","c.103C>G"
"550","c.417G>A"
"551","c.2461C>G"
"552","c.5485C>G"
"553","c.5518A>G"
"554","c.5957G>A"
"555","c.1469A>C"
"556","c.2734G>A"
"557","c.22A>C"
"558","c.172C>G"
"559","c.449G>T"
"560","c.1430T>C"
"561","c.6062T>G"
"562","c.592T>C"
"563","c.1355C>G"
"564","c.2141C>T"
"565","c.1738G>A"
"566","c.2037G>T"
"567","c.1958A>G"
"568","c.705T>C"
"569","c.729C>G"
"570","c.877C>T"
"571","c.2855A>C"
"572","c.7501A>G"
"573","c.775T>C"
"574","c.3566T>C"
"575","c.325A>C"
"576","c.3302T>C"
"577","c.996T>C"
"578","c.923G>A"
"579","c.841T>C"
"580","c.589G>A"
"581","c.2656G>A"
"582","c.2303A>G"
"583","c.3374A>C"
"584","c.2279G>T"
"585","c.2259G>A"
"586","c.4343C>T"
"587","c.1570C>T"
"588","c.7076G>A"
"589","c.15556C>A"
"590","c.4370G>A"
"591","c.688G>A"
"592","c.1544T>G"
"593","c.331T>C"
"594","c.1048T>C"
"595","c.1043T>C"
"596","c.4147C>G"
"597","c.2024A>G"
"598","c.12977T>C"
"599","c.12961T>G"
"600","c.1612G>A"
"601","c.1501G>A"
"602","c.1259A>G"
"603","c.823T>C"
"604","c.6809G>A"
"605","c.3853A>G"
"606","c.350A>C"
"607","c.98C>A"
"608","c.2348G>A"
"609","c.1717C>T"
"610","c.413C>T"
"611","c.3532C>T"
"612","c.1138A>C"
"613","c.3496G>A"
"614","c.1138C>T"
"615","c.117T>G"
"616","c.1300C>T"
"617","c.4979C>T"
"618","c.6235A>G"
"619","c.2225G>C"
"620","c.859C>T"
"621","c.4567C>T"
"622","c.882G>C"
"623","c.647C>T"
"624","c.115G>T"
"625","c.107G>A"
"626","c.6230G>A"
"627","c.864C>A"
"628","c.1745A>C"
"629","c.997C>G"
"630","c.223A>T"
"631","c.2998G>A"
"632","c.1377C>G"
"633","c.3458A>G"
"634","c.3721G>A"
"635","c.3803G>A"
"636","c.2255G>A"
"637","c.1055C>G"
"638","c.1282C>G"
"639","c.325T>G"
"640","c.221G>C"
"641","c.3632G>A"
"642","c.2372G>C"
"643","c.662C>G"
"644","c.1362A>G"
"645","c.59C>A"
"646","c.544A>G"
"647","c.7364C>A"
"648","c.5855G>A"
"649","c.4577G>C"
"650","c.923C>T"
"651","c.622C>T"
"652","c.7127A>G"
"653","c.6137C>T"
"654","c.5103G>C"
"655","c.3988A>G"
"656","c.3976T>C"
"657","c.2546G>A"
"658","c.359A>T"
"659","c.801A>T"
"660","c.516C>G"
"661","c.6470G>A"
"662","c.8627A>G"
"663","c.784A>G"
"664","c.808C>T"
"665","c.483A>G"
"666","c.270T>G"
"667","c.922T>C"
"668","c.3097C>T"
"669","c.1955C>T"
"670","c.604C>A"
"671","c.1753A>G"
"672","c.1445G>A"
"673","c.1429A>G"
"674","c.3389G>A"
"675","c.455T>C"
"676","c.793G>C"
"677","c.2461G>A"
"678","c.812C>T"
"679","c.322T>G"
"680","c.5503G>A"
"681","c.10799C>T"
"682","c.896T>C"
"683","c.3881G>A"
"684","c.1927T>C"
"685","c.363G>T"
"686","c.5929T>C"
"687","c.8045A>T"
"688","c.1571C>T"
"689","c.2309C>T"
"690","c.1285A>G"
"691","c.908T>C"
"692","c.858G>C"
"693","c.711A>C"
"694","c.30G>C"
"695","c.1327C>G"
"696","c.2209C>G"
"697","c.1782C>G"
"698","c.1363C>G"
"699","c.309A>T"
"700","c.2155G>A"
"701","c.668T>G"
"702","c.520C>A"
"703","c.3263G>A"
"704","c.260A>G"
"705","c.2755T>C"
"706","c.610T>A"
"707","c.1058G>A"
"708","c.1183C>A"
"709","c.2672A>G"
"710","c.301G>A"
"711","c.1332C>A"
"712","c.562A>C"
"713","c.210T>G"
"714","c.11840A>G"
"715","c.2888T>C"
"716","c.1189A>G"
"717","c.934A>G"
"718","c.1816G>A"
"719","c.1022G>C"
"720","c.2793C>T"
"721","c.357G>C"
"722","c.664G>A"
"723","c.6398G>A"
"724","c.6107C>T"
"725","c.983C>A"
"726","c.376T>G"
"727","c.1843A>G"
"728","c.1777C>G"
"729","c.2630C>T"
"730","c.2620G>A"
"731","c.1184A>G"
"732","c.858A>T"
"733","c.131C>T"
"734","c.1367C>T"
"735","c.1765G>A"
"736","c.767A>G"
"737","c.3877A>G"
"738","c.110T>C"
"739","c.41869C>A"
"740","c.16609C>T"
"741","c.15133T>C"
"742","c.12496C>A"
"743","c.512A>G"
"744","c.833G>C"
"745","c.491C>T"
"746","c.1010G>A"
"747","c.565G>T"
"748","c.631T>C"
"749","c.755A>C"
"750","c.119T>A"
"751","c.935T>C"
"752","c.178A>G"
"753","c.1132G>C"
"754","c.1094T>C"
"755","c.641A>G"
"756","c.322C>G"
"757","c.449C>G"
"758","c.2123T>C"
"759","c.1139G>A"
"760","c.1202A>G"
"761","c.2549T>C"
"762","c.1592A>G"
"763","c.1465C>T"
"764","c.209G>C"
"765","c.1103T>C"
"766","c.862C>T"
"767","c.818G>C"
"768","c.58G>C"
"769","c.766T>C"
"770","c.815G>C"
"771","c.1801C>T"
"772","c.1687G>T"
"773","c.25A>C"
"774","c.679C>G"
"775","c.361G>A"
"776","c.535G>T"
"777","c.1333T>C"
"778","c.1771C>T"
"779","c.1939G>A"
"780","c.469G>C"
"781","c.1316A>T"
"782","c.1198T>C"
"783","c.483A>T"
"784","c.678G>A"
"785","c.13G>T"
"786","c.2852G>A"
"787","c.892G>C"
"788","c.1059G>C"
"789","c.2774A>T"
"790","c.848G>A"
"791","c.422C>G"
"792","c.2739C>A"
"793","c.424G>C"
"794","c.544C>G"
"795","c.205C>G"
"796","c.1462G>A"
"797","c.604A>G"
"798","c.682G>A"
"799","c.2825A>G"
"800","c.289C>T"
"801","c.1721G>C"
"802","c.2296G>A"
"803","c.1751T>C"
"804","c.2708G>A"
"805","c.2666A>G"
"806","c.1196C>T"
"807","c.883C>T"
"808","c.1537C>G"
"809","c.1201A>G"
"810","c.1283C>A"
"811","c.2363A>C"
"812","c.2276C>T"
"813","c.3368A>G"
"814","c.5096T>C"
"815","c.2140A>G"
"816","c.4441T>C"
"817","c.652A>C"
"818","c.4006G>A"
"819","c.181G>C"
"820","c.43G>A"
"821","c.92A>C"
"822","c.853G>T"
"823","c.1924T>G"
"824","c.7977G>C"
"825","c.2510C>G"
"826","c.746G>C"
"827","c.737A>G"
"828","c.1160C>T"
"829","c.815C>T"
"830","c.115C>T"
"831","c.108G>C"
"832","c.780C>T"
"833","c.1417T>G"
"834","c.789C>G"
"835","c.5049C>T"
"836","c.1345G>A"
"837","c.5886A>T"
"838","c.5872G>C"
"839","c.3566G>A"
"840","c.57A>C"
"841","c.1288T>C"
"842","c.887G>A"
"843","c.174T>G"
"844","c.2414T>C"
"845","c.3638C>A"
"846","c.1378A>G"
"847","c.1130T>C"
"848","c.1595C>T"
"849","c.300A>G"
